{"train_loss": 8.014231726527214, "epoch": 9, "trainer/global_step": 1349, "_timestamp": 1700647011.3803282, "_runtime": 1971.0725781917572, "_step": 26}