{"train/loss": 8.303951365059747, "train/policy_loss": 7.859989744728937, "train/value_loss": 0.44396162033081055, "train/lr": 4.000012268079445e-05, "epoch": 1, "trainer/global_step": 149, "_timestamp": 1700648647.9112146, "_runtime": 226.8333456516266, "_step": 2}